f1,f1ang,f2,f2ang,m,slips
18.0,20.0,21.95254015709299,213.43689748121673,3.0,0.0
18.0,20.0,28.60757465489678,3.622930436193599,3.0,1.0
18.0,20.0,24.110535042865756,171.2974305086002,3.0,0.0
18.0,20.0,21.795327319875874,255.15734073877752,3.0,1.0
18.0,20.0,16.94619197355619,15.831155528672616,3.0,1.0
18.0,20.0,25.835764522666246,316.6277338885428,3.0,1.0
18.0,20.0,17.5034884505077,187.22930998884232,3.0,0.0
18.0,20.0,35.67092003128319,11.037977397258452,3.0,1.0
18.0,20.0,38.54651042004117,80.78890029150247,3.0,1.0
18.0,20.0,15.337660753031109,343.3232507138327,3.0,1.0
18.0,20.0,31.669001523306584,209.6351038987399,3.0,0.0
18.0,20.0,21.155796790116177,38.69012439676963,3.0,1.0
18.0,20.0,22.72178244375729,103.51602082100214,3.0,1.0
18.0,20.0,37.02386553170644,164.4133053097743,3.0,1.0
18.0,20.0,2.8414423279154777,7.542024936382967,3.0,1.0
18.0,20.0,3.4851719880616283,148.18158490095317,3.0,1.0
18.0,20.0,0.8087358976130288,176.20510875649134,3.0,1.0
18.0,20.0,33.30479382191752,87.72403510124359,3.0,1.0
18.0,20.0,31.12627003799402,211.91004010511517,3.0,0.0
18.0,20.0,34.800485929872764,271.1664430531837,3.0,1.0
18.0,20.0,39.14473368931056,84.90032067802878,3.0,1.0
18.0,20.0,31.966342568668942,223.37996410079558,3.0,1.0
18.0,20.0,18.459174490117274,230.26400746694696,3.0,0.0
18.0,20.0,31.221167051458217,341.47450840638277,3.0,1.0
18.0,20.0,4.730977034757329,280.17942022671974,3.0,1.0
18.0,20.0,25.596840853100954,305.40429712440215,3.0,1.0
18.0,20.0,5.734131496361856,176.55116703705906,3.0,0.0
18.0,20.0,37.786756681983356,66.72549131257782,3.0,1.0
18.0,20.0,20.873932870002868,358.4935054654686,3.0,1.0
18.0,20.0,16.58647759962094,46.56807397393186,3.0,1.0
18.0,20.0,10.58222448418508,169.72463496753554,3.0,0.0
18.0,20.0,30.969347577368666,24.513515727158378,3.0,1.0
18.0,20.0,18.246013288661942,339.786308646295,3.0,1.0
18.0,20.0,22.73735795474594,347.37297870543824,3.0,1.0
18.0,20.0,0.7515920174542057,258.98006232143047,3.0,1.0
18.0,20.0,24.705419883035084,125.99742370686081,3.0,1.0
18.0,20.0,24.483828908896857,91.57766440234477,3.0,1.0
18.0,20.0,24.677359874990277,95.50919683333707,3.0,1.0
18.0,20.0,37.74992314058497,45.825849151226905,3.0,1.0
18.0,20.0,27.272811964139336,189.29122310762025,3.0,0.0
18.0,20.0,14.38031602295144,51.0542192525319,3.0,1.0
18.0,20.0,17.481278151973658,114.02303995924426,3.0,1.0
18.0,20.0,27.905247837090595,225.61433134527775,3.0,0.0
18.0,20.0,2.4090188651707933,261.9156994526699,3.0,1.0
18.0,20.0,26.670668617826706,8.738173663942037,3.0,1.0
18.0,20.0,26.825514784726376,154.84175437562638,3.0,1.0
18.0,20.0,8.415302442953635,234.76485414317006,3.0,0.0
18.0,20.0,5.157051906194132,307.16855141706463,3.0,1.0
18.0,20.0,12.617134036967354,171.11692159634967,3.0,0.0
18.0,20.0,14.548430837704904,348.9141138183667,3.0,1.0
18.0,20.0,22.807870816715187,95.62771711492101,3.0,1.0
18.0,20.0,17.544060538492815,4.863134385618797,3.0,1.0
18.0,20.0,39.53495352236905,174.15103129262502,3.0,1.0
18.0,20.0,4.081792429921123,92.20096620720646,3.0,1.0
18.0,20.0,8.355070243793389,296.538361928341,3.0,1.0
18.0,20.0,6.45238071539985,83.79816198520035,3.0,1.0
18.0,20.0,26.124333018615935,111.82651858487027,3.0,1.0
18.0,20.0,10.131664101591284,284.8418751668804,3.0,1.0
18.0,20.0,18.65243091425225,257.45157072912957,3.0,1.0
18.0,20.0,9.77702368006411,200.89844519661452,3.0,0.0
18.0,20.0,6.358783345820789,253.78130229219343,3.0,1.0
18.0,20.0,4.415005646572205,150.70927088520955,3.0,1.0
18.0,20.0,26.253183578610937,1.9116171412804084,3.0,1.0
18.0,20.0,5.527318053944552,4.087846264389321,3.0,1.0
18.0,20.0,7.86329446720214,184.0398435265272,3.0,0.0
18.0,20.0,14.749006826438563,29.984752698839724,3.0,1.0
18.0,20.0,32.83972919391741,18.38717286093244,3.0,1.0
18.0,20.0,3.884051031722451,347.5859900894904,3.0,1.0
18.0,20.0,33.51779629995215,309.24095027690106,3.0,1.0
18.0,20.0,3.8439363157585227,54.72980179544503,3.0,1.0
18.0,20.0,39.05837860053583,0.2391186924736166,3.0,1.0
18.0,20.0,18.746048065908063,339.00040634031234,3.0,1.0
18.0,20.0,39.070443527613484,100.19710739524116,3.0,1.0
18.0,20.0,24.19382078980184,66.9231370279791,3.0,1.0
18.0,20.0,29.570543175932066,248.94291881935268,3.0,1.0
18.0,20.0,1.567511690172827,39.20534598287743,3.0,1.0
18.0,20.0,11.312278503056383,95.27385528100811,3.0,1.0
18.0,20.0,4.807862448526756,351.03408487633675,3.0,1.0
18.0,20.0,11.845607900885797,230.2065988106437,3.0,0.0
18.0,20.0,4.749108758169762,187.44400493371927,3.0,0.0
18.0,20.0,12.719327175759041,143.2507013405776,3.0,1.0
18.0,20.0,16.5705197805868,278.82034375831273,3.0,1.0
18.0,20.0,2.5658998539513744,50.744691548529744,3.0,1.0
18.0,20.0,27.698884774800796,348.24160873331357,3.0,1.0
18.0,20.0,22.664058168263004,310.0042829036832,3.0,1.0
18.0,20.0,10.615579637577817,222.3565137249276,3.0,0.0
18.0,20.0,20.929922138667987,15.446228544920938,3.0,1.0
18.0,20.0,3.757620430337667,252.3080338011856,3.0,1.0
18.0,20.0,23.03785982224717,328.7823627187731,3.0,1.0
18.0,20.0,37.171847903048565,188.84774429230535,3.0,1.0
18.0,20.0,12.742758098052946,127.5209358578146,3.0,1.0
18.0,20.0,26.696415198547268,43.299844192609065,3.0,1.0
18.0,20.0,5.271914496175687,271.7643974895246,3.0,1.0
18.0,20.0,28.65308816474262,318.6078664362502,3.0,1.0
18.0,20.0,11.576243717888044,36.090627867305486,3.0,1.0
18.0,20.0,7.327654480284673,273.2344397108431,3.0,1.0
18.0,20.0,23.460517392403325,6.1417750532751025,3.0,1.0
18.0,20.0,0.8043018474997421,348.139770507799,3.0,1.0
18.0,20.0,33.15760116869453,221.42088742863461,3.0,1.0
18.0,20.0,0.18781904770188262,198.87806123698795,3.0,1.0
18.0,20.0,27.112661471849204,106.541940092014,3.0,1.0
18.0,20.0,10.800318927686593,334.54500176512204,3.0,1.0
18.0,20.0,29.407760884903794,95.72602584124476,3.0,1.0
18.0,20.0,38.48754180469753,298.13278075801014,3.0,1.0
18.0,20.0,9.95012574079832,354.6391245613675,3.0,1.0
18.0,20.0,23.046293376713475,282.0227923853301,3.0,1.0
18.0,20.0,23.681677250873562,186.83637133911543,3.0,0.0
18.0,20.0,22.890076231634936,23.786734986601893,3.0,1.0
18.0,20.0,8.923265305624732,170.0689641015863,3.0,0.0
18.0,20.0,38.1099604606794,157.7721409098133,3.0,1.0
18.0,20.0,17.885015144705093,73.00657482731829,3.0,1.0
18.0,20.0,33.85634689884511,152.4915492171496,3.0,1.0
18.0,20.0,27.97917101270017,128.79283826892194,3.0,1.0
18.0,20.0,11.897478034205346,58.92633401459345,3.0,1.0
18.0,20.0,32.55191278809909,158.89469159969502,3.0,1.0
18.0,20.0,15.860229633879385,94.60798427681605,3.0,1.0
18.0,20.0,35.24412788444646,187.94247144561518,3.0,1.0
18.0,20.0,23.25091490543435,12.657621497829904,3.0,1.0
18.0,20.0,35.269414474194114,326.2433111234223,3.0,1.0
18.0,20.0,27.701263603110636,293.8911499871482,3.0,1.0
18.0,20.0,29.01017119278562,198.92927970378165,3.0,0.0
18.0,20.0,20.05297527706809,306.65108979260754,3.0,1.0
18.0,20.0,38.24334538892896,346.46222657188815,3.0,1.0
18.0,20.0,25.759607969185495,39.7880258589578,3.0,1.0
18.0,20.0,16.954201942327188,227.09945102752937,3.0,0.0
18.0,20.0,24.255728565116975,359.2778403368371,3.0,1.0
18.0,20.0,0.767727932373341,355.6401009600694,3.0,1.0
18.0,20.0,12.062992666981973,217.19627722466805,3.0,0.0
18.0,20.0,26.4069414997074,46.087513362294004,3.0,1.0
18.0,20.0,11.603104288417763,209.94941915659015,3.0,0.0
18.0,20.0,24.72061715995366,0.743268806791817,3.0,1.0
18.0,20.0,17.150748037830645,71.60808048006946,3.0,1.0
18.0,20.0,5.418962568898009,344.2043374415856,3.0,1.0
18.0,20.0,11.93129303824123,118.95860613702379,3.0,1.0
18.0,20.0,22.798596428050594,229.8204380797015,3.0,0.0
18.0,20.0,23.634910449926927,101.10941806760736,3.0,1.0
18.0,20.0,22.97300995398315,341.2158793601722,3.0,1.0
18.0,20.0,26.128032794285346,262.2811427818152,3.0,1.0
18.0,20.0,26.084130800067555,118.67441672930855,3.0,1.0
18.0,20.0,17.25673741735896,285.03411162493353,3.0,1.0
18.0,20.0,35.86186383404252,38.939588811481556,3.0,1.0
18.0,20.0,14.702474801915862,141.2348184235654,3.0,1.0
18.0,20.0,17.434597010625072,79.63852598337324,3.0,1.0
18.0,20.0,35.67693420062688,246.14152101937665,3.0,1.0
18.0,20.0,32.24775956184343,36.880661437894936,3.0,1.0
18.0,20.0,28.155543341614653,142.92929962176265,3.0,1.0
18.0,20.0,4.009075492492045,99.59390287530826,3.0,1.0
18.0,20.0,36.77930454978694,182.28345095656948,3.0,1.0
18.0,20.0,28.569651981964455,125.96316498139642,3.0,1.0
18.0,20.0,39.95388026271466,254.30780796012397,3.0,1.0
18.0,20.0,5.97793218631975,8.847728750507784,3.0,1.0
18.0,20.0,34.72504229472857,228.2352916701267,3.0,1.0
18.0,20.0,6.499717387054993,83.00566428977521,3.0,1.0
18.0,20.0,24.622382571353768,96.73525035246575,3.0,1.0
18.0,20.0,4.9527993139776605,288.0920172900685,3.0,1.0
18.0,20.0,33.920329172889375,344.0046218329515,3.0,1.0
18.0,20.0,32.29275834900043,113.95807560975118,3.0,1.0
18.0,20.0,22.76402954458373,297.6498973328672,3.0,1.0
18.0,20.0,16.287331889039987,37.43670166964392,3.0,1.0
18.0,20.0,2.766679818205522,228.23339508265795,3.0,1.0
18.0,20.0,27.897150925782547,270.37162783257077,3.0,1.0
18.0,20.0,18.141707307122754,56.152054092404356,3.0,1.0
18.0,20.0,28.88222397881392,153.3608595610418,3.0,1.0
18.0,20.0,34.65529303714517,321.37457912963333,3.0,1.0
18.0,20.0,39.020860200115436,37.28824684141399,3.0,1.0
18.0,20.0,34.23213369570444,6.514688952531054,3.0,1.0
18.0,20.0,0.46856336740007887,212.61073645725614,3.0,1.0
18.0,20.0,14.399122579134556,156.79135459113604,3.0,0.0
18.0,20.0,29.19962249696232,287.52812959820494,3.0,1.0
18.0,20.0,6.865187090457621,332.44399375347837,3.0,1.0
18.0,20.0,20.84146424816517,107.6953120357738,3.0,1.0
18.0,20.0,2.173519533570145,139.8254821808779,3.0,1.0
18.0,20.0,7.999860995856003,175.05795107855334,3.0,0.0
18.0,20.0,0.7408717784245589,211.73452575670774,3.0,1.0
18.0,20.0,31.747908134296825,354.18737868538204,3.0,1.0
18.0,20.0,8.956987522415204,251.03889029881856,3.0,0.0
18.0,20.0,13.814067227876109,140.23746264440476,3.0,1.0
18.0,20.0,37.12325173862364,94.95636712216636,3.0,1.0
18.0,20.0,28.17657607694131,340.06525863196464,3.0,1.0
18.0,20.0,1.2735571812523139,48.7974359190623,3.0,1.0
18.0,20.0,6.58776625991651,259.2957069017129,3.0,1.0
18.0,20.0,24.85913605999054,333.14220910527865,3.0,1.0
18.0,20.0,23.089143544166703,239.2796111523979,3.0,0.0
18.0,20.0,9.515712854980345,152.2995984598036,3.0,0.0
18.0,20.0,37.36855991699175,71.63673837317424,3.0,1.0
18.0,20.0,24.55863823863584,132.2911160106938,3.0,1.0
18.0,20.0,21.42531212099833,254.47385139124395,3.0,1.0
18.0,20.0,23.59639905418284,233.83232070310686,3.0,0.0
18.0,20.0,29.204881180670785,334.07141997540884,3.0,1.0
18.0,20.0,12.477799819184074,312.06992891737497,3.0,1.0
18.0,20.0,15.928842488643674,293.8142708158926,3.0,1.0
18.0,20.0,8.393749959004886,328.12231512627443,3.0,1.0
18.0,20.0,7.447720235213446,99.48137498533778,3.0,1.0
18.0,20.0,37.77489559935734,133.02847445027382,3.0,1.0
18.0,20.0,29.582031801971503,136.76180536296627,3.0,1.0
18.0,20.0,19.618352344702682,201.7622119355209,3.0,0.0
18.0,20.0,9.096585118932929,240.55856263539755,3.0,0.0
18.0,20.0,10.174259270815718,103.21800589454196,3.0,1.0
18.0,20.0,2.3211664129550247,7.006488231348125,3.0,1.0
18.0,20.0,17.37666502232483,143.72005811684735,3.0,1.0
18.0,20.0,12.471835279764104,111.07006543958417,3.0,1.0
18.0,20.0,27.85373955261838,339.1864988464972,3.0,1.0
18.0,20.0,15.110073571699235,319.7754145958557,3.0,1.0
18.0,20.0,7.184147102385392,309.711844203631,3.0,1.0
18.0,20.0,0.9871491356532491,235.0799139402875,3.0,1.0
18.0,20.0,2.6899852585299433,123.944099291618,3.0,1.0
18.0,20.0,27.175710939942693,197.5857362637497,3.0,0.0
18.0,20.0,18.147873782241813,293.48101465789415,3.0,1.0
18.0,20.0,21.463168444348888,35.499732740211975,3.0,1.0
18.0,20.0,35.866851721613685,288.3869568919097,3.0,1.0
18.0,20.0,39.613557895868176,14.8247248781238,3.0,1.0
18.0,20.0,8.675879375938958,293.91157123716806,3.0,1.0
18.0,20.0,26.52312812400403,290.72296949755446,3.0,1.0
18.0,20.0,10.532895069486026,18.362631178352093,3.0,1.0
18.0,20.0,0.8260399786291472,225.77785612626897,3.0,1.0
18.0,20.0,30.335146153445656,180.883106752643,3.0,0.0
18.0,20.0,12.800686032898714,61.13502114181728,3.0,1.0
18.0,20.0,15.338555766875919,53.416417563855234,3.0,1.0
18.0,20.0,23.532684542144228,278.37328538412834,3.0,1.0
18.0,20.0,33.24193820944762,204.36938958126387,3.0,1.0
18.0,20.0,25.159273743645947,353.87968856995167,3.0,1.0
18.0,20.0,34.906026217895814,353.60919982380386,3.0,1.0
18.0,20.0,10.94168139262543,357.3601176471359,3.0,1.0
18.0,20.0,31.921873356502548,42.70158661167572,3.0,1.0
18.0,20.0,7.425437772238088,337.7722093070264,3.0,1.0
18.0,20.0,38.111666278877784,88.0450592474026,3.0,1.0
18.0,20.0,27.499531055512612,164.95641351310033,3.0,1.0
18.0,20.0,8.620307084542338,272.66636009582135,3.0,1.0
18.0,20.0,37.89482361955697,73.3035355478035,3.0,1.0
18.0,20.0,29.234232270806313,203.87217799955877,3.0,0.0
18.0,20.0,10.157665703801033,66.89402936135845,3.0,1.0
18.0,20.0,8.53247909469928,37.704998405265584,3.0,1.0
18.0,20.0,20.72802855722653,41.96110047465547,3.0,1.0
18.0,20.0,1.026508722181263,128.75005254535876,3.0,1.0
18.0,20.0,8.298803017644376,1.6757412613860545,3.0,1.0
18.0,20.0,16.98741875006025,152.94741163260824,3.0,0.0
18.0,20.0,14.966799213369022,239.11095782921365,3.0,0.0
18.0,20.0,18.543016974592426,144.60774660143593,3.0,1.0
18.0,20.0,11.105148251789277,30.886056187140642,3.0,1.0
18.0,20.0,23.47137385832675,22.567990328510596,3.0,1.0
18.0,20.0,34.55422423692926,100.12194459535021,3.0,1.0
18.0,20.0,4.701274238481323,60.95256859569628,3.0,1.0
18.0,20.0,20.695164286164566,347.434190358469,3.0,1.0
18.0,20.0,5.2827242538061325,54.4428809906706,3.0,1.0
18.0,20.0,28.67438724770375,289.9664774657988,3.0,1.0
18.0,20.0,15.84238811229175,210.9988590268121,3.0,0.0
18.0,20.0,22.61685247434036,204.94329119434596,3.0,0.0
18.0,20.0,7.331193448563145,184.34905773256244,3.0,0.0
18.0,20.0,5.793910373735089,349.8347074010224,3.0,1.0
18.0,20.0,19.522251225958183,130.9841190329896,3.0,1.0
18.0,20.0,14.224509513998225,283.6496703433954,3.0,1.0
18.0,20.0,37.61727781011252,199.90587868810547,3.0,1.0
18.0,20.0,30.613010152278612,142.42812034526142,3.0,1.0
18.0,20.0,29.946544794021893,343.9677359900811,3.0,1.0
18.0,20.0,36.148789589837335,215.39374897128735,3.0,1.0
18.0,20.0,3.336897417680742,42.81009917256488,3.0,1.0
18.0,20.0,22.087698796896262,150.31411235886839,3.0,1.0
18.0,20.0,23.379042758230753,281.36942196537876,3.0,1.0
18.0,20.0,38.47745514188916,249.74892836611696,3.0,1.0
18.0,20.0,11.685901071701954,329.88251874116673,3.0,1.0
18.0,20.0,9.633151196617874,93.37585829094728,3.0,1.0
18.0,20.0,4.011757690619913,272.94973788737656,3.0,1.0
18.0,20.0,0.6571851836589682,165.55507466202752,3.0,1.0
18.0,20.0,37.18117267168762,206.49950890805357,3.0,1.0
18.0,20.0,26.796661863636402,343.81680516226186,3.0,1.0
18.0,20.0,31.406116480925512,352.54307519610387,3.0,1.0
18.0,20.0,11.269204230157964,310.17274701320287,3.0,1.0
18.0,20.0,23.45640664745307,129.27495158290665,3.0,1.0
18.0,20.0,2.558210644839245,319.5723008618351,3.0,1.0
18.0,20.0,19.425103837384917,229.8993039509087,3.0,0.0
18.0,20.0,39.09980558977787,154.7988409694567,3.0,1.0
18.0,20.0,35.06020981266363,12.867365700174144,3.0,1.0
18.0,20.0,13.526358073473826,277.2461247089696,3.0,1.0
18.0,20.0,38.46280618165994,180.7580090606807,3.0,1.0
18.0,20.0,9.26806505884818,283.02785980742186,3.0,1.0
18.0,20.0,37.972752896627256,269.28820776357713,3.0,1.0
18.0,20.0,37.655108188259945,285.6842524974067,3.0,1.0
18.0,20.0,31.96810349409567,108.23441713083606,3.0,1.0
18.0,20.0,25.217917474671644,288.28749566434715,3.0,1.0
18.0,20.0,34.97151866499788,197.58467824782025,3.0,1.0
18.0,20.0,11.720811380311869,170.39743216169154,3.0,0.0
18.0,20.0,33.95774221251673,243.0453289754725,3.0,1.0
18.0,20.0,24.715067676700954,7.68912585780539,3.0,1.0
18.0,20.0,0.5294743103559796,36.83405371953392,3.0,1.0
18.0,20.0,13.889340717288782,105.18385146030792,3.0,1.0
18.0,20.0,5.925634437926601,353.87643958482226,3.0,1.0
18.0,20.0,39.27317559273013,50.308480391383796,3.0,1.0
18.0,20.0,19.134812281599523,119.01466827331572,3.0,1.0
18.0,20.0,19.89565461994651,18.379103289092498,3.0,1.0
18.0,20.0,25.578900655948942,119.25679690538146,3.0,1.0
18.0,20.0,14.7433842451847,115.31746314389937,3.0,1.0
18.0,20.0,5.476010867423957,340.850581540028,3.0,1.0
18.0,20.0,32.88470932776982,304.25547131845934,3.0,1.0
18.0,20.0,7.593916476110318,137.79511892739774,3.0,1.0
18.0,20.0,20.45275930185824,8.91686089412952,3.0,1.0
18.0,20.0,8.97268115898957,299.17120103833616,3.0,1.0
18.0,20.0,3.913779379761362,237.79302377203445,3.0,1.0
18.0,20.0,34.48766069686733,54.8512141144715,3.0,1.0
18.0,20.0,38.916779560925214,358.5856575636674,3.0,1.0
18.0,20.0,38.43338632252001,36.0840374726843,3.0,1.0
18.0,20.0,36.262219968847155,312.16123497371865,3.0,1.0
18.0,20.0,30.96189330794555,105.93581908668803,3.0,1.0
18.0,20.0,13.325806081145677,156.72724787705653,3.0,0.0
18.0,20.0,3.2440555995198705,286.3643496394733,3.0,1.0
18.0,20.0,16.289646856552295,243.9030081578437,3.0,0.0
18.0,20.0,9.289365686837709,337.6311747998541,3.0,1.0
18.0,20.0,5.299505390319319,223.61051716573797,3.0,0.0
18.0,20.0,2.1370872714730105,35.21165813245899,3.0,1.0
18.0,20.0,29.02377456842315,318.3697307671021,3.0,1.0
18.0,20.0,0.45709834500124114,276.89598899589276,3.0,1.0
18.0,20.0,30.823229940111048,256.2733623215959,3.0,1.0
18.0,20.0,5.877865816015002,19.344077047344733,3.0,1.0
18.0,20.0,3.18088330347023,142.64018807822785,3.0,1.0
18.0,20.0,3.5841213695442153,60.27689500543412,3.0,1.0
18.0,20.0,26.881912294156578,295.8854070268328,3.0,1.0
18.0,20.0,9.81468839411379,252.1903042144306,3.0,0.0
18.0,20.0,16.821578667203937,317.9079350348887,3.0,1.0
18.0,20.0,22.294751652956677,347.96703849269903,3.0,1.0
18.0,20.0,34.42204695315175,278.90914110929947,3.0,1.0
18.0,20.0,29.081770508453133,357.9239099594744,3.0,1.0
18.0,20.0,10.813116209548586,221.31715901194758,3.0,0.0
18.0,20.0,5.259311971645104,13.366657400921213,3.0,1.0
18.0,20.0,2.2149728168479177,5.1305454541065165,3.0,1.0
18.0,20.0,12.0639453792377,123.15739507336393,3.0,1.0
18.0,20.0,10.48472596958713,296.4498188643134,3.0,1.0
18.0,20.0,18.245622672019188,311.80849427690316,3.0,1.0
18.0,20.0,27.331253421907217,345.892510376164,3.0,1.0
18.0,20.0,27.825017825554287,23.443728677574622,3.0,1.0
18.0,20.0,11.340753863286665,16.04559995555907,3.0,1.0
18.0,20.0,15.19707823600482,328.78209469213215,3.0,1.0
18.0,20.0,7.2460384694761215,109.81681141063017,3.0,1.0
18.0,20.0,31.541820492260747,200.87546421946777,3.0,0.0
18.0,20.0,2.273923057329612,353.68015788025554,3.0,1.0
18.0,20.0,27.879889668999493,144.1614725049324,3.0,1.0
18.0,20.0,31.147815837644135,239.71370339154237,3.0,1.0
18.0,20.0,31.096302473950125,144.3166429075147,3.0,1.0
18.0,20.0,10.376902573814197,276.5500792066007,3.0,1.0
18.0,20.0,14.952525517302458,189.9773012062317,3.0,0.0
18.0,20.0,23.50398540785556,85.5083296750859,3.0,1.0
18.0,20.0,10.912876096978682,97.67019645304784,3.0,1.0
18.0,20.0,14.834111968715549,92.90131651382661,3.0,1.0
18.0,20.0,7.882171207425586,191.63531817308188,3.0,0.0
18.0,20.0,18.394235350240294,253.14804576563915,3.0,1.0
18.0,20.0,1.7844920501645634,341.74076401553117,3.0,1.0
18.0,20.0,31.99183538282472,249.87145502987278,3.0,1.0
18.0,20.0,3.0782578794653093,281.2294238264606,3.0,1.0
18.0,20.0,20.75340595326104,60.81340171124363,3.0,1.0
18.0,20.0,12.272403981807845,134.66254500263724,3.0,1.0
18.0,20.0,23.10171795325502,148.96087914897578,3.0,1.0
18.0,20.0,38.377333633337,247.09688280017028,3.0,1.0
18.0,20.0,25.822809778240156,106.52111149567449,3.0,1.0
18.0,20.0,1.4144974302196367,109.18509171107979,3.0,1.0
18.0,20.0,17.216097580322447,128.12009567071252,3.0,1.0
18.0,20.0,20.400674092730007,291.7087493555636,3.0,1.0
18.0,20.0,21.44709978813808,207.93243241560555,3.0,0.0
18.0,20.0,27.255700424153517,27.09982073978441,3.0,1.0
18.0,20.0,11.103843909270644,28.16859588856877,3.0,1.0
18.0,20.0,5.1544226186528075,133.66329994169976,3.0,1.0
18.0,20.0,15.707027061883775,275.972778218217,3.0,1.0
18.0,20.0,38.25622891183795,247.926033532325,3.0,1.0
18.0,20.0,7.48523567003379,254.8736476744272,3.0,1.0
18.0,20.0,36.15935819712948,276.1956237794749,3.0,1.0
18.0,20.0,21.752238003093055,103.37497663907857,3.0,1.0
18.0,20.0,18.27645686583063,197.37226149915168,3.0,0.0
18.0,20.0,35.281656409195584,195.60695051403704,3.0,1.0
18.0,20.0,18.344158470743434,266.26770042478176,3.0,1.0
18.0,20.0,28.966705464461732,344.4734048780327,3.0,1.0
18.0,20.0,15.96101286812408,100.07638012636772,3.0,1.0
18.0,20.0,36.161775716038306,285.5814021925373,3.0,1.0
18.0,20.0,27.601000807649093,237.58939746837447,3.0,1.0
18.0,20.0,27.98488217002067,208.88563351084565,3.0,0.0
18.0,20.0,13.108816062284756,278.9567205650647,3.0,1.0
18.0,20.0,30.27114570947557,339.85168791411576,3.0,1.0
18.0,20.0,25.442442217885652,13.208910432988677,3.0,1.0
18.0,20.0,9.600810935188381,53.06403690475944,3.0,1.0
18.0,20.0,6.421552899410257,272.2634033404017,3.0,1.0
18.0,20.0,31.85565898069327,30.164887047630437,3.0,1.0
18.0,20.0,38.3666641214089,185.8045322667935,3.0,1.0
18.0,20.0,18.325553090401712,79.14987959097851,3.0,1.0
18.0,20.0,23.6393666129474,98.74645338339053,3.0,1.0
18.0,20.0,34.30890576774218,252.66257385998986,3.0,1.0
18.0,20.0,18.288938134154282,10.869398376736182,3.0,1.0
18.0,20.0,38.07497907330945,314.3949940446853,3.0,1.0
18.0,20.0,23.030046481794898,160.0124239268172,3.0,1.0
18.0,20.0,32.8306848280526,180.86158580655638,3.0,1.0
18.0,20.0,36.35374873650954,194.4172669297291,3.0,1.0
18.0,20.0,32.62095275074275,232.39594604861782,3.0,1.0
18.0,20.0,6.376578537958237,124.14837118418932,3.0,1.0
18.0,20.0,25.155937562468015,36.39869660285688,3.0,1.0
18.0,20.0,15.937370344787084,114.61641719982356,3.0,1.0
18.0,20.0,2.508518080933828,60.53116248821531,3.0,1.0
18.0,20.0,16.961290075593677,200.2079446021706,3.0,0.0
18.0,20.0,10.347362675576308,114.49030714573912,3.0,1.0
18.0,20.0,33.96153233714043,344.90418407763656,3.0,1.0
18.0,20.0,1.3321850618678477,347.66434007290104,3.0,1.0
18.0,20.0,38.35930887453894,223.24531700456694,3.0,1.0
18.0,20.0,14.214753938877184,222.29901636022294,3.0,0.0
18.0,20.0,14.268275616101715,354.73628324415813,3.0,1.0
18.0,20.0,0.6531401073483156,319.42193444466693,3.0,1.0
18.0,20.0,7.4092930094473575,275.4251816969304,3.0,1.0
18.0,20.0,16.05038003214435,112.89262022737243,3.0,1.0
18.0,20.0,37.171656692108556,131.5940501225075,3.0,1.0
18.0,20.0,3.984597208850853,72.45603567391156,3.0,1.0
18.0,20.0,37.81206133916318,175.37332569025486,3.0,1.0
18.0,20.0,34.77954122186529,356.53266797024867,3.0,1.0
18.0,20.0,18.166495876302072,328.374343084172,3.0,1.0
18.0,20.0,13.068035270730402,42.60579624700887,3.0,1.0
18.0,20.0,9.309765171162274,9.068504144582214,3.0,1.0
18.0,20.0,24.578588259074973,323.5095606269758,3.0,1.0
18.0,20.0,1.3229836590202249,193.38124606153468,3.0,1.0
18.0,20.0,0.6242425778731286,72.06835975504423,3.0,1.0
18.0,20.0,17.151828899929512,242.5151770504687,3.0,0.0
18.0,20.0,2.7229629589888082,231.92034405473518,3.0,1.0
18.0,20.0,10.077639529843715,43.950818461128186,3.0,1.0
18.0,20.0,8.846436613843354,93.45608405914302,3.0,1.0
18.0,20.0,10.127647748914077,21.628067152772864,3.0,1.0
18.0,20.0,5.24220924861031,75.5497705932511,3.0,1.0
18.0,20.0,0.4814489159061708,47.63004294710264,3.0,1.0
18.0,20.0,4.619371885549923,69.5650652908402,3.0,1.0
18.0,20.0,24.739210380509917,246.76817252872212,3.0,1.0
18.0,20.0,38.97024851272201,17.819907933984386,3.0,1.0
18.0,20.0,39.61380006243576,36.66766148935793,3.0,1.0
18.0,20.0,16.362163814922464,48.30250970818355,3.0,1.0
18.0,20.0,6.518177041864215,113.95480354492825,3.0,1.0
18.0,20.0,25.55047029466117,107.55011190669873,3.0,1.0
18.0,20.0,19.612213861949485,91.8229627139902,3.0,1.0
18.0,20.0,39.57639109137726,270.19319523566986,3.0,1.0
18.0,20.0,2.612168286071208,359.2882035929162,3.0,1.0
18.0,20.0,31.329377532552524,192.2320525063665,3.0,0.0
18.0,20.0,11.535939893259757,339.91297844901914,3.0,1.0
18.0,20.0,9.65674480306296,142.77964036538327,3.0,1.0
18.0,20.0,26.50018286130704,38.405680848976836,3.0,1.0
18.0,20.0,9.842527399638579,147.15857860914144,3.0,0.0
18.0,20.0,26.634364702367506,106.6059984292896,3.0,1.0
18.0,20.0,20.69234068809155,177.62650642410412,3.0,0.0
18.0,20.0,16.963559537433973,236.53572368991234,3.0,0.0
18.0,20.0,22.18751234645676,165.97807889486694,3.0,0.0
18.0,20.0,11.48206079678519,336.65778434801723,3.0,1.0
18.0,20.0,28.262988250919157,318.51533602777675,3.0,1.0
18.0,20.0,16.594274773342562,252.711934259831,3.0,1.0
18.0,20.0,14.42182241943569,176.28656845123768,3.0,0.0
18.0,20.0,33.14627658222951,47.40742145320448,3.0,1.0
18.0,20.0,36.998676478127685,142.924920039948,3.0,1.0
18.0,20.0,1.840292435491877,253.58455418442253,3.0,1.0
18.0,20.0,9.30507971319062,102.55878739934322,3.0,1.0
18.0,20.0,13.94077477970253,37.435707915631355,3.0,1.0
18.0,20.0,32.598659174809896,326.84344470382615,3.0,1.0
18.0,20.0,39.4196571057319,255.25829153359604,3.0,1.0
18.0,20.0,38.75886818681407,221.49951358863498,3.0,1.0
18.0,20.0,36.197933821997076,285.29960601921,3.0,1.0
18.0,20.0,11.862250602561195,300.83257353005126,3.0,1.0
18.0,20.0,39.680449736578964,174.0452393415684,3.0,1.0
18.0,20.0,9.97680164225805,317.2277705073984,3.0,1.0
18.0,20.0,4.236246195289288,329.91084385239793,3.0,1.0
18.0,20.0,38.03810444221576,97.7583943529213,3.0,1.0
18.0,20.0,9.336810218723851,218.71632952468593,3.0,0.0
18.0,20.0,27.590730603110018,189.57025037536891,3.0,0.0
18.0,20.0,2.3342543592235465,193.6604804946849,3.0,1.0
18.0,20.0,29.228363965099046,337.55871382724234,3.0,1.0
18.0,20.0,35.26880849335359,109.86793296949044,3.0,1.0
18.0,20.0,10.897475818638501,354.0362321644474,3.0,1.0
18.0,20.0,15.162275843097142,324.76723732952354,3.0,1.0
18.0,20.0,14.971847332836642,165.14023990086093,3.0,0.0
18.0,20.0,29.951530301605324,294.2831749025398,3.0,1.0
18.0,20.0,9.512289701561553,276.8569179552506,3.0,1.0
18.0,20.0,6.87412396190572,244.04218906266766,3.0,0.0
18.0,20.0,17.97166594750952,115.14020017793554,3.0,1.0
18.0,20.0,12.17873629509278,70.72235705554341,3.0,1.0
18.0,20.0,33.5675648903461,241.74997083567294,3.0,1.0
18.0,20.0,9.50967304062555,303.4703867043903,3.0,1.0
18.0,20.0,20.09557829957046,5.851003923853084,3.0,1.0
18.0,20.0,37.703343987917215,231.40921511106433,3.0,1.0
18.0,20.0,25.35990790978643,159.43428886399647,3.0,1.0
18.0,20.0,34.69157621849859,323.3115918457141,3.0,1.0
18.0,20.0,37.608387574190694,115.7302551075139,3.0,1.0
18.0,20.0,30.030594475454077,170.70653241490382,3.0,1.0
18.0,20.0,27.983002408990053,185.31615745266708,3.0,0.0
18.0,20.0,38.71862266416908,50.55822769357907,3.0,1.0
18.0,20.0,39.77603158590718,256.64122897160627,3.0,1.0
18.0,20.0,18.072867306790386,298.97148424354543,3.0,1.0
18.0,20.0,2.8347911273683346,20.847339682653686,3.0,1.0
18.0,20.0,11.711761257620754,104.89997539328499,3.0,1.0
18.0,20.0,6.0941882275092185,13.696085352620848,3.0,1.0
18.0,20.0,16.699454991840472,344.35587768776725,3.0,1.0
18.0,20.0,5.251573138930241,240.18077545337647,3.0,0.0
18.0,20.0,24.16471216083528,347.11215100372135,3.0,1.0
18.0,20.0,15.312322366314163,191.3379401992708,3.0,0.0
18.0,20.0,35.8154353715284,288.74466860242103,3.0,1.0
18.0,20.0,38.71178687194008,134.7890341967064,3.0,1.0
18.0,20.0,21.875396066776887,127.37485172615072,3.0,1.0
18.0,20.0,10.992942794703865,136.17641415784777,3.0,1.0
18.0,20.0,23.68921675047347,236.83036814151416,3.0,0.0
18.0,20.0,35.87044632897639,129.4031343677948,3.0,1.0
18.0,20.0,16.269333833429933,324.1322825775212,3.0,1.0
18.0,20.0,22.083131067678835,353.9789514180559,3.0,1.0
18.0,20.0,10.866110704245834,10.953545521322127,3.0,1.0
18.0,20.0,18.21776597800108,69.70438454489873,3.0,1.0
18.0,20.0,16.068541415183944,40.40999733145896,3.0,1.0
18.0,20.0,9.93653860331884,15.251056952919573,3.0,1.0
18.0,20.0,20.234655353012336,81.98675760502313,3.0,1.0
18.0,20.0,12.415233039192458,160.8455953328692,3.0,0.0
18.0,20.0,14.921394555229899,301.31653150392617,3.0,1.0
18.0,20.0,20.99881769017057,79.8566509835986,3.0,1.0
18.0,20.0,30.023800917159498,177.82029203839247,3.0,1.0
18.0,20.0,13.340298631651013,334.6627462008316,3.0,1.0
18.0,20.0,36.96635066483054,240.19729444320296,3.0,1.0
18.0,20.0,34.492741873436096,287.3084471121591,3.0,1.0
18.0,20.0,1.9476118390211417,198.35782926677504,3.0,1.0
18.0,20.0,10.14570097027291,352.9679251826268,3.0,1.0
18.0,20.0,17.84542050636808,211.91837568533072,3.0,0.0
18.0,20.0,4.185115549698963,16.383857026532954,3.0,1.0
18.0,20.0,13.939039561339882,71.27380797832615,3.0,1.0
18.0,20.0,29.603901024707298,145.71850642457326,3.0,1.0
18.0,20.0,27.220579245713033,216.45978212655947,3.0,0.0
18.0,20.0,24.895377142640193,277.89511226722556,3.0,1.0
18.0,20.0,28.421136108893826,148.71100532539907,3.0,1.0
18.0,20.0,8.19694747838807,255.62098980564792,3.0,1.0
18.0,20.0,13.667924594589284,284.35302111928496,3.0,1.0
18.0,20.0,27.049699291098513,114.2136710099938,3.0,1.0
18.0,20.0,35.169390521253085,352.5372864128947,3.0,1.0
18.0,20.0,21.747122153123808,233.8763382849008,3.0,0.0
18.0,20.0,11.307986037821465,317.15930188300723,3.0,1.0
18.0,20.0,1.2094103202393036,200.1375679710984,3.0,1.0
18.0,20.0,28.413473158968536,266.97711857483654,3.0,1.0
18.0,20.0,0.31536414033761506,277.3958621818915,3.0,1.0
18.0,20.0,14.90716279283982,326.96941652444843,3.0,1.0
18.0,20.0,21.22148858251127,54.12591247369331,3.0,1.0
18.0,20.0,36.88445847068772,200.98203270092944,3.0,1.0
18.0,20.0,3.5797818013160043,154.21626471810825,3.0,1.0
18.0,20.0,16.237692878731348,332.3372476225465,3.0,1.0
18.0,20.0,0.9725279884063109,37.83408992963971,3.0,1.0
18.0,20.0,13.704439373663613,353.7265999251286,3.0,1.0
18.0,20.0,24.889242353591797,315.16247667358664,3.0,1.0
18.0,20.0,11.162717929143934,26.577461363129473,3.0,1.0
18.0,20.0,8.389997986225403,176.7478987945708,3.0,0.0
18.0,20.0,4.628129333083746,258.3214200765093,3.0,1.0
18.0,20.0,23.08560976081367,265.7345564487803,3.0,1.0
18.0,20.0,27.81080023618744,326.3378850856515,3.0,1.0
18.0,20.0,26.878285623832895,287.95155680963194,3.0,1.0
18.0,20.0,37.954440828820296,111.93493692387221,3.0,1.0
18.0,20.0,0.10812855574010793,179.43652291048286,3.0,1.0
18.0,20.0,25.88786615576144,252.64287465690745,3.0,1.0
18.0,20.0,24.015689483905582,49.83726289116651,3.0,1.0
18.0,20.0,23.549584398811525,69.83668713607103,3.0,1.0
18.0,20.0,38.510812793609695,173.17528131955413,3.0,1.0
18.0,20.0,0.6748669348015879,107.36848753398458,3.0,1.0
18.0,20.0,27.859297228058004,310.52132992227416,3.0,1.0
18.0,20.0,32.54714598807454,211.05983574742245,3.0,1.0
18.0,20.0,20.392287864863366,125.51947117861236,3.0,1.0
18.0,20.0,13.358594783872366,305.5798892175876,3.0,1.0
18.0,20.0,31.6336065290962,289.756241479526,3.0,1.0
18.0,20.0,3.889717025296986,359.407755755737,3.0,1.0
18.0,20.0,17.681425509197013,305.03076780014453,3.0,1.0
18.0,20.0,20.79809498283353,149.20435253004467,3.0,1.0
18.0,20.0,27.758256437381903,45.89959743719585,3.0,1.0
18.0,20.0,3.6354292812963784,302.63072695217204,3.0,1.0
18.0,20.0,9.110380061514437,21.512850465741835,3.0,1.0
18.0,20.0,16.412062507605025,126.0976346441475,3.0,1.0
18.0,20.0,24.931786920805227,331.10567307765854,3.0,1.0
18.0,20.0,35.4784312486967,345.87593044023623,3.0,1.0
18.0,20.0,24.75304672965506,230.60325366763863,3.0,0.0
18.0,20.0,5.338458837397377,247.91339411413688,3.0,1.0
18.0,20.0,39.2232053114913,15.283615941188096,3.0,1.0
18.0,20.0,34.87142939021972,185.21292279223724,3.0,1.0
18.0,20.0,20.108830445812963,196.87254437028284,3.0,0.0
18.0,20.0,36.89391927186532,122.43626860468001,3.0,1.0
18.0,20.0,21.65523175028543,24.69486051139836,3.0,1.0
18.0,20.0,36.932242715566524,82.40673590078184,3.0,1.0
18.0,20.0,33.195894744133724,128.87421727003067,3.0,1.0
18.0,20.0,38.731456411771894,156.65111514587866,3.0,1.0
18.0,20.0,36.791312431126336,212.7336211920849,3.0,1.0
18.0,20.0,1.4413526971427792,260.0609467313651,3.0,1.0
18.0,20.0,6.990880166437599,114.34747437862062,3.0,1.0
18.0,20.0,15.56538708404743,118.42335357083392,3.0,1.0
18.0,20.0,38.08570789181683,7.088991380533338,3.0,1.0
18.0,20.0,12.001156779037183,14.71494963384659,3.0,1.0
18.0,20.0,6.418705755504042,92.8158099510731,3.0,1.0
18.0,20.0,35.4521866434624,266.4881991629844,3.0,1.0
18.0,20.0,17.855776619328118,226.1929789346084,3.0,0.0
18.0,20.0,36.31502377417304,277.1240474440205,3.0,1.0
18.0,20.0,6.40921865280573,276.8109970373358,3.0,1.0
18.0,20.0,26.44470046032398,308.3642883609485,3.0,1.0
18.0,20.0,17.610550113179674,259.3149357552781,3.0,1.0
18.0,20.0,3.059470761211416,352.4439308402962,3.0,1.0
18.0,20.0,27.858525786100024,323.5770789486543,3.0,1.0
18.0,20.0,9.895950221566148,211.21817984036431,3.0,0.0
18.0,20.0,1.584620903180709,211.73676137682182,3.0,1.0
18.0,20.0,2.3977719299829303,12.336134526802617,3.0,1.0
18.0,20.0,2.4431414826714937,359.4695679750075,3.0,1.0
18.0,20.0,36.30931829940158,47.36735905181104,3.0,1.0
18.0,20.0,29.59535671316404,266.5249907873731,3.0,1.0
18.0,20.0,35.9224942885494,295.56547024475117,3.0,1.0
18.0,20.0,26.903292451860853,134.29963054987317,3.0,1.0
18.0,20.0,21.157597161235326,70.86673967951295,3.0,1.0
18.0,20.0,12.17785457389513,35.55355924459981,3.0,1.0
18.0,20.0,39.91849005314694,269.49816209864804,3.0,1.0
18.0,20.0,14.487562357575573,162.95527051405045,3.0,0.0
18.0,20.0,18.82595796855638,256.93839324040886,3.0,1.0
18.0,20.0,15.12980699693847,329.5467535866482,3.0,1.0
18.0,20.0,39.181077173418345,52.770145014380404,3.0,1.0
18.0,20.0,6.986335415800231,330.90156026056786,3.0,1.0
18.0,20.0,13.119520036323188,148.1855254230372,3.0,0.0
18.0,20.0,27.213946640600064,109.89612356302406,3.0,1.0
18.0,20.0,2.528304733545226,339.50241381700044,3.0,1.0
18.0,20.0,24.28997496046164,356.6346093383038,3.0,1.0
18.0,20.0,19.105860115056643,71.60119839628133,3.0,1.0
18.0,20.0,11.359999070484044,236.461804902714,3.0,0.0
18.0,20.0,9.53653123696232,38.33831295758173,3.0,1.0
18.0,20.0,20.58050973195027,234.32904138870208,3.0,0.0
18.0,20.0,14.717103221481654,297.8327619993059,3.0,1.0
18.0,20.0,18.260795650506214,246.41947674866435,3.0,0.0
18.0,20.0,13.499095270569597,150.23993114253446,3.0,0.0
18.0,20.0,38.8197477438391,137.90388944295705,3.0,1.0
18.0,20.0,5.337577269824161,141.52406948043014,3.0,1.0
18.0,20.0,3.872158127134968,212.29625447745235,3.0,0.0
18.0,20.0,13.735669151636642,317.3642172260984,3.0,1.0
18.0,20.0,23.64107603481965,334.46381661675645,3.0,1.0
18.0,20.0,26.36705887400113,19.27066327463452,3.0,1.0
18.0,20.0,15.890269886721683,65.38406207244779,3.0,1.0
18.0,20.0,39.97111975688684,40.40075369818386,3.0,1.0
18.0,20.0,14.075719847721704,69.60047067608903,3.0,1.0
18.0,20.0,28.856266718398096,124.77881181930184,3.0,1.0
18.0,20.0,25.503307781231715,182.35140574414459,3.0,0.0
18.0,20.0,32.52215452989843,226.6060417232948,3.0,1.0
18.0,20.0,39.0490265381528,263.5711988902925,3.0,1.0
18.0,20.0,35.59174625782161,320.44015489889057,3.0,1.0
18.0,20.0,30.582478974308344,356.07183740272467,3.0,1.0
18.0,20.0,27.929939112731624,238.62833228056314,3.0,1.0
18.0,20.0,13.419926787035985,304.3312267203947,3.0,1.0
18.0,20.0,5.907423128268294,280.0939848928916,3.0,1.0
18.0,20.0,2.5054401223923906,110.71153411873631,3.0,1.0
18.0,20.0,9.676068168059393,315.2492172845723,3.0,1.0
18.0,20.0,17.291259247251944,15.394729661207585,3.0,1.0
18.0,20.0,20.879850945199298,0.13224375052482973,3.0,1.0
18.0,20.0,30.923342162194864,98.54374657984711,3.0,1.0
18.0,20.0,38.34963692226372,166.35511066588197,3.0,1.0
18.0,20.0,4.692819215392441,229.81064220024385,3.0,0.0
18.0,20.0,4.2801656077516625,36.63729595603613,3.0,1.0
18.0,20.0,23.58778892054203,242.2836481805424,3.0,1.0
18.0,20.0,29.81592295789172,288.65371214149,3.0,1.0
18.0,20.0,33.926015213879396,66.71265104857204,3.0,1.0
18.0,20.0,37.43328320867154,149.4450917394458,3.0,1.0
18.0,20.0,39.33704969042568,187.1945963831915,3.0,1.0
18.0,20.0,15.992067688981034,162.65052651041304,3.0,0.0
18.0,20.0,15.213407341102926,287.9387751198494,3.0,1.0
18.0,20.0,5.912347067890895,345.7880633229591,3.0,1.0
18.0,20.0,27.397377547342376,287.6231390429448,3.0,1.0
18.0,20.0,26.270478337633485,28.077414435296845,3.0,1.0
18.0,20.0,34.48250383404829,289.7768059772858,3.0,1.0
18.0,20.0,3.8903197915056253,23.97467960479842,3.0,1.0
18.0,20.0,19.911076313013673,84.94933868696519,3.0,1.0
18.0,20.0,23.243277186882523,55.11488286086021,3.0,1.0
18.0,20.0,9.662281601596735,71.10687846459075,3.0,1.0
18.0,20.0,6.761016245166451,190.1934457406462,3.0,0.0
18.0,20.0,34.38323345678486,241.8083487399073,3.0,1.0
18.0,20.0,2.3413968894223514,169.31566164097475,3.0,1.0
18.0,20.0,18.824836156722917,345.4904300505277,3.0,1.0
18.0,20.0,4.633360052035411,86.50523521086,3.0,1.0
18.0,20.0,18.282350453254693,274.73048289172544,3.0,1.0
18.0,20.0,39.198493053692374,313.26558426257344,3.0,1.0
18.0,20.0,16.948254138218914,202.34379987169888,3.0,0.0
18.0,20.0,34.284996700182695,164.24010070615913,3.0,1.0
18.0,20.0,4.6926225673277555,214.6264008405277,3.0,0.0
18.0,20.0,10.850083070474565,154.37151725772347,3.0,0.0
18.0,20.0,16.151709626693382,199.86979763641298,3.0,0.0
18.0,20.0,15.992485600373229,150.09622276636856,3.0,0.0
18.0,20.0,26.855339146806124,144.16909570588825,3.0,1.0
18.0,20.0,13.788725095020308,250.32472853023074,3.0,0.0
18.0,20.0,28.550674736400655,33.426436704468465,3.0,1.0
18.0,20.0,25.5674759690157,59.95514618237549,3.0,1.0
18.0,20.0,15.966445810190923,306.4314498174014,3.0,1.0
18.0,20.0,17.27040510617277,277.5878448534677,3.0,1.0
18.0,20.0,24.58110799241283,101.32334182598176,3.0,1.0
18.0,20.0,2.8016876057857854,135.8168157596737,3.0,1.0
18.0,20.0,32.89626953422761,333.369542386253,3.0,1.0
18.0,20.0,26.136846444545476,294.50780106259003,3.0,1.0
18.0,20.0,29.05369857671341,221.16466799266712,3.0,0.0
18.0,20.0,21.476920043295618,79.73646436906479,3.0,1.0
18.0,20.0,4.419084439669789,15.930709673497052,3.0,1.0
18.0,20.0,16.201424531877997,155.25282486308333,3.0,0.0
18.0,20.0,16.214943313942243,242.14577013268627,3.0,0.0
18.0,20.0,12.841719601728677,298.25297658642654,3.0,1.0
18.0,20.0,1.1980129961899744,306.96804206721697,3.0,1.0
18.0,20.0,29.49016970385909,11.79932446561082,3.0,1.0
18.0,20.0,4.391378322500028,87.89653218127657,3.0,1.0
18.0,20.0,24.252325321803404,122.0740518518651,3.0,1.0
18.0,20.0,28.12869985868863,67.94359594537892,3.0,1.0
18.0,20.0,25.39145291734779,289.0711362109816,3.0,1.0
18.0,20.0,38.365690079119,276.2876747105793,3.0,1.0
18.0,20.0,4.131926203405545,186.0598945371495,3.0,0.0
18.0,20.0,34.686686364207965,353.853532078508,3.0,1.0
18.0,20.0,1.1676093939565302,51.861074792703214,3.0,1.0
18.0,20.0,21.396674197083357,323.8746131979608,3.0,1.0
18.0,20.0,16.169744717570353,41.92677149828982,3.0,1.0
18.0,20.0,20.96735441575033,58.74541398508345,3.0,1.0
18.0,20.0,14.603995082400392,250.63891209022276,3.0,0.0
18.0,20.0,7.622676597602722,39.44508913500815,3.0,1.0
18.0,20.0,0.7649158979475912,203.7042343507359,3.0,1.0
18.0,20.0,20.72599255164697,151.2840731301553,3.0,1.0
18.0,20.0,33.71107450739369,262.2506275947653,3.0,1.0
18.0,20.0,14.928638229791765,324.2430859711914,3.0,1.0
18.0,20.0,8.91455272059921,277.15374528085994,3.0,1.0
18.0,20.0,3.2212801388737633,305.8883555116278,3.0,1.0
18.0,20.0,3.4124369247481345,11.860361471243657,3.0,1.0
18.0,20.0,8.855857851710889,111.67037936791313,3.0,1.0
18.0,20.0,4.000562436862207,185.55591120707965,3.0,0.0
18.0,20.0,10.601587934579282,149.7431932667206,3.0,0.0
18.0,20.0,2.6459784846781886,83.25178307268784,3.0,1.0
18.0,20.0,2.6241946883970257,110.83467526560838,3.0,1.0
18.0,20.0,34.25104718491128,340.3551493409781,3.0,1.0
18.0,20.0,6.484810428353329,105.90511675368656,3.0,1.0
18.0,20.0,22.38729623293792,127.40547966472286,3.0,1.0
18.0,20.0,30.93822177796122,1.3355185500067268,3.0,1.0
18.0,20.0,18.256382613562664,304.22794582003485,3.0,1.0
18.0,20.0,6.134755114373829,55.74265322456759,3.0,1.0
18.0,20.0,7.983845684804574,73.49193918494137,3.0,1.0
18.0,20.0,17.31936825124723,91.89522615312922,3.0,1.0
18.0,20.0,21.129363567141432,318.4639404641433,3.0,1.0
18.0,20.0,13.977611681941395,74.3225080486733,3.0,1.0
18.0,20.0,31.259184009386452,287.1094899124584,3.0,1.0
18.0,20.0,30.04086595425594,290.8977625162456,3.0,1.0
18.0,20.0,37.08847229492471,333.72740476310247,3.0,1.0
18.0,20.0,1.1581019610784216,41.60207289611303,3.0,1.0
18.0,20.0,35.827651648408136,78.22043004161928,3.0,1.0
18.0,20.0,15.70275153848604,267.4433851490597,3.0,1.0
18.0,20.0,35.13489981519976,70.56027154106606,3.0,1.0
18.0,20.0,27.631391046261182,103.07863687444166,3.0,1.0
18.0,20.0,39.49395028295873,60.026968840090554,3.0,1.0
18.0,20.0,30.371298068666725,62.17080701581774,3.0,1.0
18.0,20.0,14.581785039871464,173.35920766615405,3.0,0.0
18.0,20.0,20.042526913390084,39.48590236066507,3.0,1.0
18.0,20.0,15.05556620777405,115.811142646904,3.0,1.0
18.0,20.0,14.596473440849525,153.57380745559644,3.0,0.0
18.0,20.0,10.43617997524239,8.837321948631933,3.0,1.0
18.0,20.0,19.838811814938783,139.79993993080294,3.0,1.0
18.0,20.0,27.26959780277445,33.884076990786106,3.0,1.0
18.0,20.0,11.093610852209741,177.6882712126236,3.0,0.0
18.0,20.0,20.9751924430888,297.26574788055467,3.0,1.0
18.0,20.0,4.695211766822287,294.6319783854434,3.0,1.0
18.0,20.0,6.393811474167652,28.961465593464183,3.0,1.0
18.0,20.0,1.8722541884875499,216.44199276282728,3.0,1.0
18.0,20.0,38.82925771082532,300.45109750964514,3.0,1.0
18.0,20.0,0.1544140604104438,85.67011545646872,3.0,1.0
18.0,20.0,7.143198722306252,274.2935441218557,3.0,1.0
18.0,20.0,24.514670124679693,320.67516472203357,3.0,1.0
18.0,20.0,3.254783954132212,290.2046945185599,3.0,1.0
18.0,20.0,35.275860123873294,38.62837134558163,3.0,1.0
18.0,20.0,28.784806313691526,3.2615998280585634,3.0,1.0
18.0,20.0,38.655598857515734,69.02067957186443,3.0,1.0
18.0,20.0,20.305421889630594,97.37184274078436,3.0,1.0
18.0,20.0,12.016147326339489,221.8258766217454,3.0,0.0
18.0,20.0,21.980022911810856,138.33834308723462,3.0,1.0
18.0,20.0,37.23274869191893,253.22653103813045,3.0,1.0
18.0,20.0,20.830457489674423,127.1069857877791,3.0,1.0
18.0,20.0,10.688281274492745,55.59315287565611,3.0,1.0
18.0,20.0,35.095951566964786,112.56834365497265,3.0,1.0
18.0,20.0,14.876749940498453,318.3567215000886,3.0,1.0
18.0,20.0,0.055333999959965574,345.07164392822335,3.0,1.0
18.0,20.0,9.907400899692638,74.70458426425265,3.0,1.0
18.0,20.0,12.729340367082496,283.84861932879886,3.0,1.0
18.0,20.0,34.35109872927609,98.40554515435345,3.0,1.0
18.0,20.0,18.3401266826578,319.3673556353067,3.0,1.0
18.0,20.0,17.78349151245203,59.59642060665197,3.0,1.0
18.0,20.0,13.444090655995495,239.74557072986048,3.0,0.0
18.0,20.0,35.22712492188318,30.31605529674571,3.0,1.0
18.0,20.0,37.80107107761565,350.601596630593,3.0,1.0
18.0,20.0,39.67561316618517,252.22800407059543,3.0,1.0
18.0,20.0,15.06965067843947,303.0536661858307,3.0,1.0
18.0,20.0,38.645897825086855,204.00096217069245,3.0,1.0
18.0,20.0,31.675182785236053,171.64849101438966,3.0,1.0
18.0,20.0,27.027565905770672,223.87766090197144,3.0,0.0
18.0,20.0,9.795579176803976,190.3469442118013,3.0,0.0
18.0,20.0,8.658290437768393,168.97836785225508,3.0,0.0
18.0,20.0,6.641912980849827,273.4020905247514,3.0,1.0
18.0,20.0,36.910264409014616,64.15234377813653,3.0,1.0
18.0,20.0,11.763066495326644,61.62193733585707,3.0,1.0
18.0,20.0,18.123769817955136,155.46335423389422,3.0,0.0
18.0,20.0,19.758313359488938,115.46924977618056,3.0,1.0
18.0,20.0,31.126863818010165,26.684826448688675,3.0,1.0
18.0,20.0,33.76939846212097,304.0093772707444,3.0,1.0
18.0,20.0,5.562908045944512,277.7770104099659,3.0,1.0
18.0,20.0,17.07617440844295,195.81173992907452,3.0,0.0
18.0,20.0,33.71419551341829,352.55683341517283,3.0,1.0
18.0,20.0,32.721332230233536,26.136023957137912,3.0,1.0
18.0,20.0,4.096550338096656,276.000948370035,3.0,1.0
18.0,20.0,6.2553339547185205,95.89334097927485,3.0,1.0
18.0,20.0,12.167947663976314,132.69561117968715,3.0,1.0
18.0,20.0,3.0143627633336134,78.94057867310433,3.0,1.0
18.0,20.0,16.986520113623715,284.0536409262715,3.0,1.0
18.0,20.0,4.304708205983276,51.926436727763765,3.0,1.0
18.0,20.0,22.7287037467938,302.40601118470005,3.0,1.0
18.0,20.0,9.862277592446244,238.1679533627402,3.0,0.0
18.0,20.0,23.85732261398491,21.248368296881303,3.0,1.0
18.0,20.0,4.701025716145506,291.95342337605524,3.0,1.0
18.0,20.0,39.03535473674133,225.9920578186726,3.0,1.0
18.0,20.0,37.302448154293614,325.79363504820293,3.0,1.0
18.0,20.0,15.671877542586632,269.54003030710976,3.0,1.0
18.0,20.0,9.687143765043418,202.00353387471893,3.0,0.0
18.0,20.0,10.01592851414291,301.1569850229112,3.0,1.0
18.0,20.0,19.335741408095682,100.09808578843996,3.0,1.0
18.0,20.0,1.5997120760286787,196.9020222640429,3.0,1.0
18.0,20.0,25.58820424300508,105.70205512922766,3.0,1.0
18.0,20.0,16.33211633358979,348.55358079258315,3.0,1.0
18.0,20.0,15.096262903555493,81.43066830312229,3.0,1.0
18.0,20.0,32.37459885956794,5.665766281366502,3.0,1.0
18.0,20.0,28.3614184073316,117.30774312136664,3.0,1.0
18.0,20.0,38.17335261570768,180.90338290912968,3.0,1.0
18.0,20.0,14.077449619827629,10.210656322827028,3.0,1.0
18.0,20.0,35.90171058597622,201.32938801220664,3.0,1.0
18.0,20.0,30.798687450003555,314.74179898244284,3.0,1.0
18.0,20.0,14.296986063788522,253.70358999000123,3.0,1.0
18.0,20.0,24.86661745813031,224.26859627218954,3.0,0.0
18.0,20.0,11.542798306067823,344.1462302549705,3.0,1.0
18.0,20.0,34.975996682993696,344.9805601831581,3.0,1.0
18.0,20.0,4.49709268849245,296.73592909316227,3.0,1.0
18.0,20.0,8.49737445176164,218.78706505890636,3.0,0.0
18.0,20.0,7.321331683196846,175.5952414191744,3.0,0.0
18.0,20.0,16.121040096171548,4.793800768728231,3.0,1.0
18.0,20.0,29.809318401285164,218.25428624155492,3.0,0.0
18.0,20.0,21.076297962087214,356.0717071284673,3.0,1.0
18.0,20.0,19.5070529415283,294.51637800865046,3.0,1.0
18.0,20.0,0.021838595879826173,122.6176717983667,3.0,1.0
18.0,20.0,17.016069014202188,54.736929015991926,3.0,1.0
18.0,20.0,2.542150993446337,282.2611012081755,3.0,1.0
18.0,20.0,8.330130084859352,267.817615427427,3.0,1.0
18.0,20.0,37.29575755841977,348.13684511255633,3.0,1.0
18.0,20.0,8.615928173729529,314.94325029816196,3.0,1.0
18.0,20.0,34.3335055453705,200.03854509806666,3.0,1.0
18.0,20.0,32.115734862453365,36.46232890730717,3.0,1.0
18.0,20.0,6.365849477689713,174.06023701822562,3.0,0.0
18.0,20.0,24.228478290811154,112.93021944803412,3.0,1.0
18.0,20.0,4.6264748762005325,184.46705352894233,3.0,0.0
18.0,20.0,29.11552633478046,108.61256687027515,3.0,1.0
18.0,20.0,25.498491094888266,310.25627711121444,3.0,1.0
18.0,20.0,32.477542467640774,303.95772503381596,3.0,1.0
18.0,20.0,19.17538197556752,113.56745658014013,3.0,1.0
18.0,20.0,36.59452351333532,215.8492846946382,3.0,1.0
18.0,20.0,1.9739578715375883,154.86510875005948,3.0,1.0
18.0,20.0,11.715542601080585,327.27339253028276,3.0,1.0
18.0,20.0,28.602103898606682,67.4499245134762,3.0,1.0
18.0,20.0,16.724368469920034,251.18222464258537,3.0,1.0
18.0,20.0,6.918054170846255,349.335118021398,3.0,1.0
18.0,20.0,4.288429817141841,63.099187042712465,3.0,1.0
18.0,20.0,32.693564458464856,72.70791423271315,3.0,1.0
18.0,20.0,18.92571913862577,249.74040192200204,3.0,1.0
18.0,20.0,35.291346876764294,280.495412828969,3.0,1.0
18.0,20.0,29.33156537266904,176.5976597258158,3.0,0.0
18.0,20.0,16.389048225229743,219.48712745296368,3.0,0.0
18.0,20.0,14.940440566227347,76.56566717225836,3.0,1.0
18.0,20.0,20.62553386605007,171.58112228423738,3.0,0.0
18.0,20.0,35.56239812758915,40.345877114969454,3.0,1.0
18.0,20.0,29.491143188566717,115.71189309923929,3.0,1.0
18.0,20.0,0.2061185707609292,102.52069381114354,3.0,1.0
18.0,20.0,27.766314054765022,160.0651296368712,3.0,1.0
18.0,20.0,36.780296276232825,334.8454904077309,3.0,1.0
18.0,20.0,28.418230380179665,65.25635837322326,3.0,1.0
18.0,20.0,7.0802312626998365,144.49976878489937,3.0,1.0
18.0,20.0,19.34072509709835,221.6149988794721,3.0,0.0
18.0,20.0,5.6126407169367765,340.7605509866406,3.0,1.0
18.0,20.0,14.359811133585282,47.93334895287654,3.0,1.0
18.0,20.0,37.484681677620706,330.4355821175209,3.0,1.0
18.0,20.0,36.93221230234833,29.179363908262154,3.0,1.0
18.0,20.0,11.313474087043316,173.0669029776952,3.0,0.0
18.0,20.0,13.585241766647966,163.6523522029738,3.0,0.0
18.0,20.0,24.008514725251757,75.4569823957904,3.0,1.0
18.0,20.0,38.5278918104152,125.0854805217051,3.0,1.0
18.0,20.0,5.912053362615617,163.4994966054233,3.0,0.0
18.0,20.0,10.276665747466765,311.4761266478265,3.0,1.0
18.0,20.0,34.94227309163086,343.82309233448154,3.0,1.0
18.0,20.0,19.67568926833378,186.81324430937948,3.0,0.0
18.0,20.0,35.958443689081264,313.2359245059919,3.0,1.0
18.0,20.0,7.420715900927051,218.9417708436406,3.0,0.0
18.0,20.0,21.306743498854427,125.67144311556316,3.0,1.0
18.0,20.0,13.050785305974895,69.90991474084886,3.0,1.0
18.0,20.0,12.661702395699042,148.72851784179534,3.0,0.0
18.0,20.0,17.875078557847964,188.2167418525852,3.0,0.0
18.0,20.0,17.32309796405074,15.999619773440227,3.0,1.0
18.0,20.0,14.293875187118177,52.502819713506256,3.0,1.0
18.0,20.0,36.59883081262474,216.0663926333184,3.0,1.0
18.0,20.0,29.269767417315713,81.00057408377835,3.0,1.0
18.0,20.0,29.101879653261186,301.4374953892671,3.0,1.0
18.0,20.0,11.596537983678218,117.69920991870862,3.0,1.0
18.0,20.0,23.108376972673614,37.74031461117032,3.0,1.0
18.0,20.0,31.16717733207336,30.07101187991413,3.0,1.0
18.0,20.0,31.823614741728523,337.36428739144066,3.0,1.0
18.0,20.0,13.78121843017249,42.4873120470765,3.0,1.0
18.0,20.0,30.834910262745915,50.72751509834161,3.0,1.0
18.0,20.0,29.43575587230932,310.5597808557911,3.0,1.0
18.0,20.0,5.660259424876011,91.54372689984383,3.0,1.0
18.0,20.0,34.63781874265909,239.7425078715898,3.0,1.0
18.0,20.0,17.652858807216433,294.0212473307609,3.0,1.0
18.0,20.0,19.45641795554662,218.58503044686915,3.0,0.0
18.0,20.0,17.934767155919893,344.69587564122577,3.0,1.0
18.0,20.0,22.7138400591003,255.19784373390289,3.0,1.0
18.0,20.0,24.84676989468219,40.590543565317006,3.0,1.0
18.0,20.0,19.927182630517738,201.02760955651675,3.0,0.0
18.0,20.0,34.67154173036383,258.5471493921062,3.0,1.0
18.0,20.0,25.109390247811376,288.70460653444025,3.0,1.0
18.0,20.0,16.057117972220798,9.47568070227295,3.0,1.0
18.0,20.0,16.66767027634844,258.7964094977128,3.0,1.0
18.0,20.0,32.433544605158055,297.24509556700184,3.0,1.0
18.0,20.0,13.927677709860804,268.86017193672836,3.0,1.0
18.0,20.0,8.458191831296542,184.44569243601532,3.0,0.0
18.0,20.0,2.3753275202315693,164.88754671196904,3.0,1.0
18.0,20.0,35.04107391682297,197.79068998793372,3.0,1.0
18.0,20.0,36.741858047613995,253.67173157757674,3.0,1.0
18.0,20.0,4.804807286539039,332.24914462769476,3.0,1.0
18.0,20.0,13.378949659844594,222.132675830805,3.0,0.0
18.0,20.0,7.014882780609755,319.62035026204904,3.0,1.0
18.0,20.0,4.635938753035189,252.45246508046185,3.0,1.0
18.0,20.0,35.99466972000121,24.601095877985127,3.0,1.0
18.0,20.0,2.2750903658142185,180.29814840058384,3.0,1.0
18.0,20.0,39.219426538760274,103.13508539348724,3.0,1.0
18.0,20.0,3.858034427895367,102.66297412772602,3.0,1.0
18.0,20.0,34.53882596774343,128.13391843775432,3.0,1.0
18.0,20.0,22.66024427956651,113.30379792017128,3.0,1.0
18.0,20.0,14.716699512714936,208.29959284215607,3.0,0.0
18.0,20.0,13.693695065006315,246.09654012728055,3.0,0.0
18.0,20.0,30.29456572950835,96.74977934762477,3.0,1.0
18.0,20.0,12.582931800171488,46.714544124617284,3.0,1.0
18.0,20.0,26.292756664685673,21.171139536406358,3.0,1.0
18.0,20.0,20.693043340643204,207.2710242109988,3.0,0.0
18.0,20.0,19.39862580632282,67.00685987988086,3.0,1.0
18.0,20.0,36.04648682596646,3.3292779205317746,3.0,1.0
18.0,20.0,22.185802344810384,333.9911085565335,3.0,1.0
18.0,20.0,33.0744641219478,193.37055086996662,3.0,1.0
18.0,20.0,29.022941364059577,33.2813448889102,3.0,1.0
18.0,20.0,1.542289842359934,303.4516003658947,3.0,1.0
18.0,20.0,30.924402100216767,353.9529857844425,3.0,1.0
18.0,20.0,8.674810003641626,161.4962383263782,3.0,0.0
18.0,20.0,36.12598587406286,15.296258965736943,3.0,1.0
18.0,20.0,1.7169676243532805,42.31653867218286,3.0,1.0
18.0,20.0,13.32288137897275,137.39534879235558,3.0,1.0
18.0,20.0,3.9893178893901604,318.7881494815957,3.0,1.0
18.0,20.0,19.02356468339375,53.293924539994336,3.0,1.0
18.0,20.0,32.80089743479007,296.63643384097037,3.0,1.0
18.0,20.0,11.927494386522564,5.391453678846996,3.0,1.0
18.0,20.0,6.037395892441664,164.65993156289196,3.0,0.0
18.0,20.0,13.210681427875969,231.98297074220451,3.0,0.0
18.0,20.0,32.55520567682544,21.736613529214704,3.0,1.0
18.0,20.0,5.615358311973875,221.3145902219352,3.0,0.0
18.0,20.0,9.094497963100071,339.9854837290402,3.0,1.0
18.0,20.0,2.7540785797349576,57.69357124917423,3.0,1.0
18.0,20.0,28.228401759584308,262.660097892727,3.0,1.0
18.0,20.0,15.809329741453473,219.27380325967562,3.0,0.0
18.0,20.0,12.433599085732641,66.641899996523,3.0,1.0
18.0,20.0,28.745055613646077,2.2332292953717703,3.0,1.0
18.0,20.0,13.439101693610208,3.342402182133748,3.0,1.0
18.0,20.0,29.11085092857672,191.5532673019303,3.0,0.0
18.0,20.0,32.60797581257254,339.4005874420297,3.0,1.0
18.0,20.0,8.706513738309539,231.94750588762045,3.0,0.0
18.0,20.0,38.952747873839336,257.14794466574773,3.0,1.0
18.0,20.0,6.494317916506671,177.79157529139337,3.0,0.0
18.0,20.0,11.633636266269702,209.48001934844513,3.0,0.0
18.0,20.0,7.191811633341665,45.49230911901725,3.0,1.0
18.0,20.0,13.820226254253377,315.6554233442271,3.0,1.0
18.0,20.0,19.202435512830224,273.88534632004865,3.0,1.0
18.0,20.0,20.887034760084763,359.35162302405945,3.0,1.0
18.0,20.0,34.14424169185088,107.18026112002369,3.0,1.0
18.0,20.0,35.57791635263466,81.72639784658084,3.0,1.0
18.0,20.0,8.804154431236256,45.058196866083456,3.0,1.0
18.0,20.0,24.915761287430097,347.1155123817761,3.0,1.0
18.0,20.0,4.459842291948624,281.1186664660885,3.0,1.0
18.0,20.0,18.358794407282733,59.87686093906993,3.0,1.0
18.0,20.0,12.893341521864725,198.967129598957,3.0,0.0
18.0,20.0,12.660029818144256,148.95655490421964,3.0,0.0
18.0,20.0,19.30336966848404,54.534962810229416,3.0,1.0
18.0,20.0,29.193105421170703,58.346274610787574,3.0,1.0
18.0,20.0,2.76730635169558,346.8491981082668,3.0,1.0
18.0,20.0,35.16693350749618,109.78710586477999,3.0,1.0
18.0,20.0,29.392550985222442,338.91814500621956,3.0,1.0
18.0,20.0,7.0599755555624055,27.219842303430383,3.0,1.0
18.0,20.0,37.566436363494816,165.8890952255486,3.0,1.0
18.0,20.0,20.252488960935544,46.662857466033635,3.0,1.0
18.0,20.0,39.99234312467861,1.7234586868219814,3.0,1.0
18.0,20.0,7.890378972029506,199.35578653418756,3.0,0.0
18.0,20.0,21.396327935328053,41.00187773209083,3.0,1.0
18.0,20.0,11.609921702397138,259.9288311361247,3.0,1.0
18.0,20.0,12.166942295569863,251.32189525448385,3.0,0.0
18.0,20.0,23.642615233359606,63.479846687216096,3.0,1.0
18.0,20.0,36.868762674833334,339.027171575586,3.0,1.0
18.0,20.0,32.210554223167,259.57562703569624,3.0,1.0
18.0,20.0,28.957655940053037,107.26929509649479,3.0,1.0
18.0,20.0,22.366951284068087,255.32415502228463,3.0,1.0
18.0,20.0,36.891940146697905,263.49489996535294,3.0,1.0
18.0,20.0,19.694456267635367,123.20147925034581,3.0,1.0
18.0,20.0,34.95328713338873,135.21188248612532,3.0,1.0
18.0,20.0,33.35926575506527,129.27834275518805,3.0,1.0
18.0,20.0,8.553413872063462,221.98263967874666,3.0,0.0
18.0,20.0,30.84901851863641,324.14765275446456,3.0,1.0
18.0,20.0,0.4868462777303506,62.349565042291545,3.0,1.0
18.0,20.0,12.9131815019235,315.0718595410746,3.0,1.0
18.0,20.0,9.182697787677991,9.9551363419233,3.0,1.0
18.0,20.0,20.274518339492538,237.72189455216008,3.0,0.0
18.0,20.0,29.47412646723142,149.1979943482899,3.0,1.0
18.0,20.0,3.907054697908965,284.8613588036977,3.0,1.0
18.0,20.0,20.596888077470737,259.6313206551251,3.0,1.0
18.0,20.0,37.536480867775424,172.83881057226623,3.0,1.0
18.0,20.0,9.14586203931782,231.7910532201348,3.0,0.0
18.0,20.0,27.085645764456963,180.63832705198027,3.0,0.0
